Satellite,T-statistic,P-value
hawkeye_chl,124.23085247617274,0.0
modisa_chl,-1145.47211114613,0.0
s3a_chl,-1354.7895298295302,0.0
s3b_chl,-1574.9776662629079,0.0
